-- phpMyAdmin SQL Dump
-- version 4.8.3
-- https://www.phpmyadmin.net/
--
-- Máy chủ: 127.0.0.1
-- Thời gian đã tạo: Th10 01, 2018 lúc 07:37 AM
-- Phiên bản máy phục vụ: 10.1.36-MariaDB
-- Phiên bản PHP: 7.2.10

SET SQL_MODE = "NO_AUTO_VALUE_ON_ZERO";
SET AUTOCOMMIT = 0;
START TRANSACTION;
SET time_zone = "+00:00";


/*!40101 SET @OLD_CHARACTER_SET_CLIENT=@@CHARACTER_SET_CLIENT */;
/*!40101 SET @OLD_CHARACTER_SET_RESULTS=@@CHARACTER_SET_RESULTS */;
/*!40101 SET @OLD_COLLATION_CONNECTION=@@COLLATION_CONNECTION */;
/*!40101 SET NAMES utf8mb4 */;

--
-- Cơ sở dữ liệu: `qlcsv`
--

-- --------------------------------------------------------

--
-- Cấu trúc bảng cho bảng `cuusv`
--

CREATE TABLE `cuusv` (
  `mssv` int(8) NOT NULL,
  `fullname` varchar(60) CHARACTER SET utf8 COLLATE utf8_vietnamese_ci NOT NULL,
  `birthday` date NOT NULL,
  `gender` varchar(5) CHARACTER SET utf8 COLLATE utf8_vietnamese_ci NOT NULL,
  `lopkhoahoc` varchar(50) NOT NULL,
  `khoahoc` varchar(50) NOT NULL,
  `phone_number` varchar(10) NOT NULL,
  `email` varchar(50) NOT NULL,
  `provinceid` varchar(5) NOT NULL,
  `districtid` varchar(5) NOT NULL,
  `image` varchar(2000) CHARACTER SET utf8 COLLATE utf8_vietnamese_ci DEFAULT NULL,
  `username` varchar(50) NOT NULL
) ENGINE=InnoDB DEFAULT CHARSET=latin1;

--
-- Đang đổ dữ liệu cho bảng `cuusv`
--

INSERT INTO `cuusv` (`mssv`, `fullname`, `birthday`, `gender`, `lopkhoahoc`, `khoahoc`, `phone_number`, `email`, `provinceid`, `districtid`, `image`, `username`) VALUES
(16020059, 'Nguyễn Huy Tuyển', '1998-09-08', 'Nam', 'CAC', '2016', '0981.876.4', '16020059@vnu.edu.vn', '01', '001', '1.png', 'person'),
(16020281, 'Trần Xuân Thành', '1998-01-21', 'Nam', 'CAC', '2016', '0981.689.1', '16020281@vnu.edu.vn', '01', '001', '1.png', 'person'),
(16021126, 'Hà Phi Sơn', '1998-04-30', 'Nam', 'T', '2016', '1693721696', 'haphison3041998@gmail.com', '01', '001', '63', '153'),
(16021252, 'Nguyễn Tuấn Anh', '1998-11-14', 'Nam', 'T', '2016', '1684420693', 'tuananh14111998@gmail.com', '01', '001', '3', '295'),
(16021254, 'Tạ Hoàng Anh', '1998-10-25', 'Nam', 'T', '2016', '902289720', 'hoanganh251098@gmail.com', '01', '001', '4', '52'),
(16021259, 'Lê Thành Công', '1997-12-18', 'Nam', 'T', '2016', '975673287', 'conglt@ows.com.vn', '01', '001', '6', '473'),
(16021260, 'Nguyễn Đức Công', '1998-11-25', 'Nam', 'T', '2016', '1644322228', 'ndc251198@gmail.com', '01', '001', '7', '116'),
(16021262, 'Bùi Ngọc Đăng', '1997-01-06', 'Nam', 'T', '2016', '1627203040', 'buidanglvt@gmail.com', '01', '001', '21', '33'),
(16021270, 'Lê Thuận Đức', '1997-04-02', 'Nam', 'T', '2016', '975224497', 'Thuanduc.97@gmail.com', '01', '001', '22', '380'),
(16021272, 'Bùi Tiến Dũng', '1998-06-29', 'Nam', 'T', '2016', '1644191799', 'lexus.liperty@gmail.com', '01', '001', '11', '252'),
(16021273, 'Phạm Tuấn Dũng', '1998-01-31', 'Nam', 'T', '2016', '1254205321', 'nurmengard.no1@gmail', '01', '001', '12', '175'),
(16021274, 'Lê Văn Duy', '1998-05-04', 'Nam', 'T', '2016', '888688024', 'leduh040598@gmail.com', '01', '001', '13', '417'),
(16021275, 'Nguyễn Đắc Duy', '1998-11-17', 'Nam', 'T', '2016', '1648550999', 'hikariyoru.kun@gmail.com', '01', '001', '14', '84'),
(16021276, 'Nguyễn Khánh Duy', '1998-12-07', 'Nam', 'T', '2016', '969346468', 'kuribohzz98@gmail.com', '01', '001', '15', '436'),
(16021278, 'Nguyễn Quang Hà', '1998-07-06', 'Nam', 'T', '2016', '966694176', 'loveparadise98@gmail.com', '01', '001', '24', '141'),
(16021280, 'Nguyễn Thu Hiền', '1998-11-28', 'Nữ', 'T', '2016', '971824938', 'duoinhungconmua1998@gmail.com', '01', '001', '28', '442'),
(16021288, 'Dương Thanh Hòa', '1998-09-27', 'Nam', 'T', '2016', '1652086229', 'tahado98@gmail.com', '01', '001', '32', '289'),
(16021289, 'Tiêu Công Hoà', '1998-03-19', 'Nam', 'T', '2016', '1694728855', 'tieuconghoa193@gmail.com', '01', '005', 'anh-girl-xinh-9-1.jpg', 'admin'),
(16021292, 'Nguyễn Thị Hợp', '1998-04-01', 'Nữ', 'T', '2016', '1649595111', 'nguyenhop0104@gmail.com', '01', '001', '34', '484'),
(16021297, 'Nguyễn Thị Hường', '1998-01-01', 'Nữ', 'T', '2016', '1646350808', 'nguyenhuong1998hy@gmail.com', '01', '001', '40', '99'),
(16021299, 'Vũ Thanh Huyền', '1998-07-26', 'Nữ', 'T', '2016', '1684582555', 'hinbanh98@gmail.com', '01', '001', '38', '164'),
(16021303, 'Nguyễn Bá Khiêm', '1998-11-14', 'Nam', 'T', '2016', '944841287', 'nhoaidoyeuem@gmail.com', '01', '001', '41', '464'),
(16021307, 'Nguyễn Văn Long', '1998-04-09', 'Nam', 'T', '2016', '868832094', 'vnlonguet@gmail.com', '01', '001', '45', '55'),
(16021309, 'Mai Thị Lý', '1998-06-12', 'Nữ', 'T', '2016', '1696568641', 'maily120698@gmail.com', '01', '001', '46', '441'),
(16021311, 'Nguyễn Đức Minh', '1998-10-24', 'Nam', 'T', '2016', '1699493112', 'nguyenducminh24101998@gmail.com', '01', '001', '48', '136'),
(16021312, 'Nguyễn Thanh Minh', '1998-11-27', 'Nam', 'T', '2016', '1664256378', 'minh656644@gmail.com', '01', '001', '49', '355'),
(16021313, 'Nguyễn Tuấn Minh', '1998-06-01', 'Nam', 'T', '2016', '1654620099', 'nguyenmin580@gmail.com', '01', '001', '50', '65'),
(16021314, 'Phan Thế Minh', '1997-04-23', 'Nam', 'T', '2016', '1278309685', 'phanminh.zet@gmail.com', '01', '001', '51', '480'),
(16021323, 'Trần Hưng Nhật', '1998-12-23', 'Nam', 'T', '2016', '981804105', 'maonhattinhquan2312@gmail.com', '01', '001', '54', '118'),
(16021324, 'Nguyễn Thị Hồng Nhung', '1997-08-29', 'Nữ', 'T', '2016', '1686501666', 'nhung290897@gmail.com', '01', '001', '55', '469'),
(16021325, 'Lê Quý Phong', '1998-07-27', 'Nam', 'T', '2016', '1664164949', 'lephong2771998@gmail.com', '01', '001', '57', '316'),
(16021326, 'Trần Văn Phương', '1998-03-14', 'Nam', 'T', '2016', '911232501', 'tranphuongtna1@gmail.com', '01', '001', '60', '391'),
(16021332, 'Nguyễn Trường Sơn', '1998-01-18', 'Nam', 'T', '2016', '1649136262', 'nguyentruongsonnothing@gmail.com', '01', '001', '64', '221'),
(16021333, 'Tống Thanh Sơn', '1998-03-05', 'Nam', 'T', '2016', '964821621', 'son.tong.cowboy@gmail.com', '01', '001', '65', '190'),
(16021335, 'Nguyễn Đức Thái', '1998-07-18', 'Nam', 'T', '2016', '1638581808', 'thaithuongthoi69@gmail.com', '01', '001', '69', '277'),
(16021342, 'Vũ Thủy Tiên', '1998-03-31', 'Nữ', 'T', '2016', '1626926777', 'thuytien31398@gmail.com', '01', '001', '72', '344'),
(16021344, 'Nguyễn Mạnh Tiến', '1997-05-10', 'Nam', 'T', '2016', '987854105', 'manhtiennp.97@gmail.com', '01', '001', '74', '311'),
(16021345, 'Nguyễn Ngọc Tiến', '1998-01-13', 'Nam', 'T', '2016', '974793406', 'monneymrt1998@gmail.com', '01', '001', '75', '116'),
(16021353, 'Lê Thanh Tuấn', '1998-03-08', 'Nam', 'T', '2016', '1637351222', 'anhtuan98a2@gmail.com', '01', '001', '78', '31'),
(16021354, 'Nguyễn Minh Tuấn', '1998-10-11', 'Nam', 'T', '2016', '976779378', 'nguyentuan111098@gmail.com', '01', '001', '79', '343'),
(16021355, 'Vũ Quốc Tuấn', '1998-03-23', 'Nam', 'T', '2016', '1657137799', 'anhtuan23398@gmail.com', '01', '001', '81', '94'),
(16021357, 'Đặng Quang Tường', '1998-09-28', 'Nam', 'T', '2016', '1659938784', 'songheo29@gmail.com', '01', '001', '83', '431'),
(16021358, 'Nguyễn Văn Tuyền', '1998-07-21', 'Nam', 'T', '2016', '1686280066', 'vuongtuyen99933666@gmail.com', '01', '001', '82', '69'),
(16021360, 'Nguyễn Minh Vũ', '1998-03-18', 'Nam', 'T', '2016', '965124424', 'nmvu193@gmail.com', '01', '001', '84', '257'),
(16021362, 'Trần Quang Bách', '1998-05-06', 'Nam', 'CAC', '2016', '0971.068.4', '16021362@vnu.edu.vn', '01', '001', '1.png', 'person'),
(16021369, 'Đinh Thị Thùy Dung', '1998-10-13', 'Nữ', 'CAC', '2016', '0972.528.4', '16021369@vnu.edu.vn', '01', '001', '1.png', 'person'),
(16021374, 'Đoàn Văn Duy', '1998-01-11', 'Nam', 'CAC', '2016', '0969.283.0', '16021374@vnu.edu.vn', '01', '001', '1.png', 'person'),
(16021376, 'Trần Viết Hà', '1998-07-26', 'Nam', 'CAC', '2016', '0986.658.0', '16021376@vnu.edu.vn', '01', '001', '1.png', 'person'),
(16021377, 'Đỗ Quang Hải', '1998-09-19', 'Nam', 'CAC', '2016', '0967.381.0', '16021377@vnu.edu.vn', '01', '001', '1.png', 'person'),
(16021387, 'Phạm Huy Hoàng', '1998-03-16', 'Nam', 'CAC', '2016', '0981.879.4', '16021387@vnu.edu.vn', '01', '001', '1.png', 'person'),
(16021388, 'Cao Đức Huân', '1996-03-28', 'Nam', 'CAC', '2016', '0868.059.2', '16021388@vnu.edu.vn', '01', '001', '1.png', 'person'),
(16021396, 'Lương Hoàng Kiên', '1998-05-16', 'Nam', 'CAC', '2016', '0868.614.2', '16021396@vnu.edu.vn', '01', '001', '1.png', 'person'),
(16021398, 'Đinh Khánh Linh', '1998-12-08', 'Nữ', 'CAC', '2016', '0868.749.2', '16021398@vnu.edu.vn', '01', '001', '1.png', 'person'),
(16021399, 'Đỗ Huy Linh', '1998-03-28', 'Nam', 'CAC', '2016', '0868.324.2', '16021399@vnu.edu.vn', '01', '001', '1.png', 'person'),
(16021400, 'Nguyễn Tuấn Linh', '1998-12-01', 'Nam', 'CAC', '2016', '0868.720.2', '16021400@vnu.edu.vn', '01', '001', '1.png', 'person'),
(16021406, 'Nguyễn Văn Phi', '1998-03-04', 'Nam', 'CAC', '2016', '0985.968.0', '16021406@vnu.edu.vn', '01', '001', '1.png', 'person'),
(16021408, 'Nguyễn Ngọc Phúc', '1992-10-15', 'Nam', 'CAC', '2016', '0971.499.0', '16021408@vnu.edu.vn', '01', '001', '1.png', 'person'),
(16021409, 'Nguyễn Anh Phương', '1998-05-19', 'Nam', 'CAC', '2016', '0869.284.7', '16021409@vnu.edu.vn', '01', '001', '1.png', 'person'),
(16021412, 'Vũ Xuân Quân', '1998-08-04', 'Nam', 'CAC', '2016', '0869.194.7', '16021412@vnu.edu.vn', '01', '001', '1.png', 'person'),
(16021417, 'Hoàng Văn Thắng', '1998-09-23', 'Nam', 'CAC', '2016', '0987.237.0', '16021417@vnu.edu.vn', '01', '001', '1.png', 'person'),
(16021418, 'Trần Văn Thắng', '1998-12-25', 'Nam', 'CAC', '2016', '0978.743.0', '16021418@vnu.edu.vn', '01', '001', '1.png', 'person'),
(16021420, 'Phạm Thuận Thành', '1998-10-06', 'Nam', 'CAC', '2016', '0965.428.4', '16021420@vnu.edu.vn', '01', '001', '1.png', 'person'),
(16021424, 'Bùi Thị Hoài Thu', '1998-02-20', 'Nữ', 'CAC', '2016', '0868.341.4', '16021424@vnu.edu.vn', '01', '001', '1.png', 'person'),
(16021427, 'Đồng Xuân Toàn', '1998-08-27', 'Nam', 'CAC', '2016', '0869.190.7', '16021427@vnu.edu.vn', '01', '001', '1.png', 'person'),
(16021430, 'Nguyễn Anh Tuấn', '1998-08-22', 'Nam', 'CAC', '2016', '0971.488.4', '16021430@vnu.edu.vn', '01', '001', '1.png', 'person'),
(16021432, 'Trần Duy Việt', '1998-04-28', 'Nam', 'CAC', '2016', '0968.563.0', '16021432@vnu.edu.vn', '01', '001', '1.png', 'person'),
(16021590, 'Hoàng Mạnh Hưng', '1998-03-13', 'Nam', 'T', '2016', '1629515303', 'chaobalder01@gmail.com', '01', '001', '39', '295'),
(16021798, 'Đỗ Thành Huy', '1998-11-10', 'Nam', 'T', '2016', '1637382288', 'dothanhhuy98@gmail.com', '01', '001', '35', '376'),
(16021856, 'Đại Văn Dương', '1997-07-16', 'Nam', 'T', '2016', '964198253', 'dai22992@gmail.com', '01', '001', '18', '190'),
(16021880, 'Nguyễn Minh Ngọc', '1998-06-22', 'Nam', 'T', '2016', '164633666', 'ngoc220698@gmail.com', '01', '001', '52', '409'),
(16021898, 'Hoàng Đức Tuấn', '1998-05-03', 'Nam', 'T', '2016', '966143514', 'mrvnese@gmail.com', '01', '001', '77', '319'),
(16022054, 'Phạm Minh Cường', '1997-11-02', 'Nam', 'T', '2016', '1655366886', 'phamminhcuong211@gmail.com', '01', '001', '9', '117'),
(16022069, 'Phan Minh Đức', '1998-12-20', 'Nam', 'T', '2016', '1683448585', 'minhduc201298@gmail.com', '01', '001', '23', '326'),
(16022072, 'Trần Văn Hải', '1998-11-12', 'Nam', 'T', '2016', '1687537799', 'tranhai12111998@gmail.com', '01', '001', '26', '195'),
(16022075, 'Đoàn Trung Hiếu', '1998-09-26', 'Nam', 'T', '2016', '1205786969', 'dangnguyenthutrang1302@gmail.com', '01', '001', '29', '363'),
(16022090, 'Vũ Sỹ Kiên', '1998-05-19', 'Nam', 'T', '2016', '1638533849', 'kienhy1998@gmail.com', '01', '001', '42', '372'),
(16022094, 'Phan Nguyên Lâm', '1998-06-18', 'Nam', 'T', '2016', '966235648', 'phanlam998@gmail.com', '01', '001', '44', '93'),
(16022108, 'Trần Thị Minh Nguyệt', '1998-08-01', 'Nữ', 'T', '2016', '969475954', 'minhnguyet2061998@gmail.com', '01', '001', '53', '434'),
(16022118, 'Trần Văn Sơn', '1998-04-15', 'Nam', 'T', '2016', '968733598', 'tr.son15498@gmail.com', '01', '001', '66', '442'),
(16022119, 'Nguyễn Minh Tâm', '1998-01-23', 'Nam', 'CAC', '2016', '0869.097.7', '16022119@vnu.edu.vn', '01', '001', '1.png', 'person'),
(16022120, 'Đỗ Thanh Tâm', '1998-09-02', 'Nữ', 'T', '2016', '1657654455', 'dothanhtam.2998@gmail.com', '01', '001', '68', '333'),
(16022131, 'Đoàn Thị Thoa', '1998-01-20', 'Nữ', 'T', '2016', '964496322', 'doanthoa9804@gmail.com', '01', '001', '70', '405'),
(16022134, 'Phùng Đình Xuân', '1998-07-11', 'Nam', 'T', '2016', '1625701666', 'dinhxuan9807@gmail.com', '01', '001', '85', '285'),
(16022145, 'Nguyễn Thanh Tuyên', '1998-03-30', 'Nam', 'CAC', '2016', '0967.365.4', '16022145@vnu.edu.vn', '01', '001', '1.png', 'person'),
(16022146, 'Lê Công Thái', '1998-07-30', 'Nam', 'CAC', '2016', '0967.36.82', '16022146@vnu.edu.vn', '01', '001', '1.png', 'person'),
(16022148, 'Trần Minh Trí', '1998-11-06', 'Nam', 'CAC', '2016', '0868.751.2', '16022148@vnu.edu.vn', '01', '001', '1.png', 'person'),
(16022357, 'Đinh Việt Anh', '1998-10-18', 'Nam', 'T', '2016', '986603861', 'adinhviet@gmail.com', '01', '001', '1.png', '230'),
(16022358, 'Đỗ Hải Bình', '1997-05-19', 'Nam', 'T', '2016', '1279399888', 'OngHoan2009@gmail.com', '01', '001', '5', '103'),
(16022359, 'Hoàng Xuân Cường', '1998-09-27', 'Nam', 'T', '2016', '1233649612', 'cuonghx2709@gmail.com', '01', '001', '8', '213'),
(16022362, 'Bùi Mạnh Dũng', '1998-01-08', 'Nam', 'T', '2016', '962355091', 'dung080198@gmail.com', '01', '001', '10', '414'),
(16022363, 'Phạm Văn Duy', '1998-12-12', 'Nam', 'T', '2016', '1647195777', 'phamduythanhoaia@gmail.com', '01', '001', '16', '490'),
(16022364, 'Vũ Đức Duy', '1998-07-07', 'Nam', 'T', '2016', '904263861', 'vuducduy07071998@gmail.com', '01', '001', '17', '193'),
(16022365, 'Nguyễn Kim Đại', '1998-01-26', 'Nam', 'T', '2016', '969035833', 'kimdai2601@gmail.com', '01', '001', '19', '100'),
(16022366, 'Nguyễn Tiến Đạt', '1998-02-09', 'Nam', 'T', '2016', '1662490000', 'tiendatnd9298@gmail.com', '01', '001', '20', '408'),
(16022368, 'Bùi Thị Hiền', '1998-03-13', 'Nữ', 'T', '2016', '1642483366', 'buihien13031998@gmail.com', '01', '001', '27', '447'),
(16022369, 'Nguyễn Đình Hiếu', '1998-05-16', 'Nam', 'T', '2016', '966563198', 'dinhhieu16598@gmail.com', '01', '001', '30', '81'),
(16022370, 'Nguyễn Trung Hiếu', '1998-11-30', 'Nam', 'T', '2016', '1626069977', 'hd9xx9@gmail.com', '01', '001', '31', '499'),
(16022372, 'Trần Vũ Hoàng', '1997-06-10', 'Nam', 'T', '2016', '978688190', 'tranvuhoangjr@gmail.com', '01', '001', '33', '466'),
(16022374, 'Nguyễn Mậu Đức Huy', '1998-11-23', 'Nam', 'T', '2016', '944231198', 'duchuy0990@gmail.com', '01', '001', '37', '80'),
(16022375, 'Hà Quang Huy', '1997-07-03', 'Nam', 'T', '2016', '961458525', 'zenlysu3797@gmail.com', '01', '001', '36', '125'),
(16022378, 'Nguyễn Đức Mạnh', '1998-01-25', 'Nam', 'T', '2016', '986321707', 'phantom25011998@gmail.com', '01', '001', '47', '199'),
(16022380, 'Nguyễn Văn Oai', '1998-12-23', 'Nam', 'T', '2016', '1625517755', 'nguyenoai102@gmail.com', '01', '001', '56', '83'),
(16022381, 'Đặng Văn Phúc', '1998-11-16', 'Nam', 'T', '2016', '1694280404', 'dangvanphuchd3@gmail.com', '01', '001', '58', '255'),
(16022382, 'Nguyễn Văn Phúc', '1997-09-02', 'Nam', 'T', '2016', '967240774', 'gogophuot@gmail.com', '01', '001', '59', '355'),
(16022383, 'Nguyễn Thị Phượng', '1997-11-02', 'Nữ', 'T', '2016', '1625969797', 'phuongnguyen.tmm@gmail.com', '01', '001', '61', '393'),
(16022384, 'Vũ Trường Quang', '1997-12-18', 'Nam', 'T', '2016', '1232590992', 'nbvnb123@hotmail.com', '01', '001', '62', '330'),
(16022385, 'Trần Văn Tuấn', '1998-12-29', 'Nam', 'T', '2016', '1642175777', 'tuantran.hp1998@gmail.com', '01', '001', '80', '250'),
(16022388, 'Nguyễn Huyền Thư', '1992-03-24', 'Nữ', 'T', '2016', '966210803', 'huyenthunguyeniser@gmail.com', '01', '001', '71', '337'),
(16022389, 'Trần Văn Trung', '1998-03-05', 'Nam', 'T', '2016', '1215393233', 'trungtran54389@gmail.com', '01', '001', '76', '13'),
(16022477, 'Lê Lương Tuấn Anh', '1998-03-19', 'Nam', 'T', '2016', '1666469640', 'leluongtuananh98@gmail.com', '01', '001', '2', '447'),
(16022479, 'Trịnh Quang Sơn', '1998-01-26', 'Nam', 'T', '2016', '1656544567', 'sasorilion2601@gmail.com', '01', '001', '67', '374'),
(16022492, 'Nguyễn Văn Lâm', '1998-08-04', 'Nam', 'T', '2016', '868608984', 'beobeo1998@gmail.com', '01', '001', '43', '455'),
(16022493, 'Nguyễn Bá Tiến', '1997-03-18', 'Nam', 'T', '2016', '971925166', 'ngbatienth@gmail.com', '01', '001', '73', '157'),
(16022498, 'Vũ Thị Thanh Hà', '1997-11-21', 'Nữ', 'T', '2016', '1642673484', 'vuthithanhha1997@gmail.com', '01', '001', '25', '29');

-- --------------------------------------------------------

--
-- Cấu trúc bảng cho bảng `district`
--

CREATE TABLE `district` (
  `districtid` varchar(5) NOT NULL,
  `name` varchar(100) NOT NULL,
  `type` varchar(30) NOT NULL,
  `provinceid` varchar(5) NOT NULL
) ENGINE=InnoDB DEFAULT CHARSET=utf8;

--
-- Đang đổ dữ liệu cho bảng `district`
--

INSERT INTO `district` (`districtid`, `name`, `type`, `provinceid`) VALUES
('001', 'Ba Đình', 'Quận', '01'),
('002', 'Hoàn Kiếm', 'Quận', '01'),
('003', 'Tây Hồ', 'Quận', '01'),
('004', 'Long Biên', 'Quận', '01'),
('005', 'Cầu Giấy', 'Quận', '01'),
('006', 'Đống Đa', 'Quận', '01'),
('007', 'Hai Bà Trưng', 'Quận', '01'),
('008', 'Hoàng Mai', 'Quận', '01'),
('009', 'Thanh Xuân', 'Quận', '01'),
('016', 'Sóc Sơn', 'Huyện', '01'),
('017', 'Đông Anh', 'Huyện', '01'),
('018', 'Gia Lâm', 'Huyện', '01'),
('019', 'Nam Từ Liêm', 'Quận', '01'),
('020', 'Thanh Trì', 'Huyện', '01'),
('021', 'Bắc Từ Liêm', 'Quận', '01'),
('024', 'Hà Giang', 'Thành Phố', '02'),
('026', 'Đồng Văn', 'Huyện', '02'),
('027', 'Mèo Vạc', 'Huyện', '02'),
('028', 'Yên Minh', 'Huyện', '02'),
('029', 'Quản Bạ', 'Huyện', '02'),
('030', 'Vị Xuyên', 'Huyện', '02'),
('031', 'Bắc Mê', 'Huyện', '02'),
('032', 'Hoàng Su Phì', 'Huyện', '02'),
('033', 'Xín Mần', 'Huyện', '02'),
('034', 'Bắc Quang', 'Huyện', '02'),
('035', 'Quang Bình', 'Huyện', '02'),
('040', 'Cao Bằng', 'Thành Phố', '04'),
('042', 'Bảo Lâm', 'Huyện', '04'),
('043', 'Bảo Lạc', 'Huyện', '04'),
('044', 'Thông Nông', 'Huyện', '04'),
('045', 'Hà Quảng', 'Huyện', '04'),
('046', 'Trà Lĩnh', 'Huyện', '04'),
('047', 'Trùng Khánh', 'Huyện', '04'),
('048', 'Hạ Lang', 'Huyện', '04'),
('049', 'Quảng Uyên', 'Huyện', '04'),
('050', 'Phục Hoà', 'Huyện', '04'),
('051', 'Hoà An', 'Huyện', '04'),
('052', 'Nguyên Bình', 'Huyện', '04'),
('053', 'Thạch An', 'Huyện', '04'),
('058', 'Bắc Kạn', 'Thành Phố', '06'),
('060', 'Pác Nặm', 'Huyện', '06'),
('061', 'Ba Bể', 'Huyện', '06'),
('062', 'Ngân Sơn', 'Huyện', '06'),
('063', 'Bạch Thông', 'Huyện', '06'),
('064', 'Chợ Đồn', 'Huyện', '06'),
('065', 'Chợ Mới', 'Huyện', '06'),
('066', 'Na Rì', 'Huyện', '06'),
('070', 'Tuyên Quang', 'Thành Phố', '08'),
('071', 'Lâm Bình', 'Huyện', '08'),
('072', 'Na Hang', 'Huyện', '08'),
('073', 'Chiêm Hóa', 'Huyện', '08'),
('074', 'Hàm Yên', 'Huyện', '08'),
('075', 'Yên Sơn', 'Huyện', '08'),
('076', 'Sơn Dương', 'Huyện', '08'),
('080', 'Lào Cai', 'Thành Phố', '10'),
('082', 'Bát Xát', 'Huyện', '10'),
('083', 'Mường Khương', 'Huyện', '10'),
('084', 'Si Ma Cai', 'Huyện', '10'),
('085', 'Bắc Hà', 'Huyện', '10'),
('086', 'Bảo Thắng', 'Huyện', '10'),
('087', 'Bảo Yên', 'Huyện', '10'),
('088', 'Sa Pa', 'Huyện', '10'),
('089', 'Văn Bàn', 'Huyện', '10'),
('094', 'Điện Biên Phủ', 'Thành Phố', '11'),
('095', 'Mường Lay', 'Thị Xã', '11'),
('096', 'Mường Nhé', 'Huyện', '11'),
('097', 'Mường Chà', 'Huyện', '11'),
('098', 'Tủa Chùa', 'Huyện', '11'),
('099', 'Tuần Giáo', 'Huyện', '11'),
('100', 'Điện Biên', 'Huyện', '11'),
('101', 'Điện Biên Đông', 'Huyện', '11'),
('102', 'Mường Ảng', 'Huyện', '11'),
('103', 'Nậm Pồ', 'Huyện', '11'),
('105', 'Lai Châu', 'Thành Phố', '12'),
('106', 'Tam Đường', 'Huyện', '12'),
('107', 'Mường Tè', 'Huyện', '12'),
('108', 'Sìn Hồ', 'Huyện', '12'),
('109', 'Phong Thổ', 'Huyện', '12'),
('110', 'Than Uyên', 'Huyện', '12'),
('111', 'Tân Uyên', 'Huyện', '12'),
('112', 'Nậm Nhùn', 'Huyện', '12'),
('116', 'Sơn La', 'Thành Phố', '14'),
('118', 'Quỳnh Nhai', 'Huyện', '14'),
('119', 'Thuận Châu', 'Huyện', '14'),
('120', 'Mường La', 'Huyện', '14'),
('121', 'Bắc Yên', 'Huyện', '14'),
('122', 'Phù Yên', 'Huyện', '14'),
('123', 'Mộc Châu', 'Huyện', '14'),
('124', 'Yên Châu', 'Huyện', '14'),
('125', 'Mai Sơn', 'Huyện', '14'),
('126', 'Sông Mã', 'Huyện', '14'),
('127', 'Sốp Cộp', 'Huyện', '14'),
('128', 'Vân Hồ', 'Huyện', '14'),
('132', 'Yên Bái', 'Thành Phố', '15'),
('133', 'Nghĩa Lộ', 'Thị Xã', '15'),
('135', 'Lục Yên', 'Huyện', '15'),
('136', 'Văn Yên', 'Huyện', '15'),
('137', 'Mù Căng Chải', 'Huyện', '15'),
('138', 'Trấn Yên', 'Huyện', '15'),
('139', 'Trạm Tấu', 'Huyện', '15'),
('140', 'Văn Chấn', 'Huyện', '15'),
('141', 'Yên Bình', 'Huyện', '15'),
('148', 'Hòa Bình', 'Thành Phố', '17'),
('150', 'Đà Bắc', 'Huyện', '17'),
('151', 'Kỳ Sơn', 'Huyện', '17'),
('152', 'Lương Sơn', 'Huyện', '17'),
('153', 'Kim Bôi', 'Huyện', '17'),
('154', 'Cao Phong', 'Huyện', '17'),
('155', 'Tân Lạc', 'Huyện', '17'),
('156', 'Mai Châu', 'Huyện', '17'),
('157', 'Lạc Sơn', 'Huyện', '17'),
('158', 'Yên Thủy', 'Huyện', '17'),
('159', 'Lạc Thủy', 'Huyện', '17'),
('164', 'Thái Nguyên', 'Thành Phố', '19'),
('165', 'Sông Công', 'Thành Phố', '19'),
('167', 'Định Hóa', 'Huyện', '19'),
('168', 'Phú Lương', 'Huyện', '19'),
('169', 'Đồng Hỷ', 'Huyện', '19'),
('170', 'Võ Nhai', 'Huyện', '19'),
('171', 'Đại Từ', 'Huyện', '19'),
('172', 'Phổ Yên', 'Thị Xã', '19'),
('173', 'Phú Bình', 'Huyện', '19'),
('178', 'Lạng Sơn', 'Thành Phố', '20'),
('180', 'Tràng Định', 'Huyện', '20'),
('181', 'Bình Gia', 'Huyện', '20'),
('182', 'Văn Lãng', 'Huyện', '20'),
('183', 'Cao Lộc', 'Huyện', '20'),
('184', 'Văn Quan', 'Huyện', '20'),
('185', 'Bắc Sơn', 'Huyện', '20'),
('186', 'Hữu Lũng', 'Huyện', '20'),
('187', 'Chi Lăng', 'Huyện', '20'),
('188', 'Lộc Bình', 'Huyện', '20'),
('189', 'Đình Lập', 'Huyện', '20'),
('193', 'Hạ Long', 'Thành Phố', '22'),
('194', 'Móng Cái', 'Thành Phố', '22'),
('195', 'Cẩm Phả', 'Thành Phố', '22'),
('196', 'Uông Bí', 'Thành Phố', '22'),
('198', 'Bình Liêu', 'Huyện', '22'),
('199', 'Tiên Yên', 'Huyện', '22'),
('200', 'Đầm Hà', 'Huyện', '22'),
('201', 'Hải Hà', 'Huyện', '22'),
('202', 'Ba Chẽ', 'Huyện', '22'),
('203', 'Vân Đồn', 'Huyện', '22'),
('204', 'Hoành Bồ', 'Huyện', '22'),
('205', 'Đông Triều', 'Thị Xã', '22'),
('206', 'Quảng Yên', 'Thị Xã', '22'),
('207', 'Cô Tô', 'Huyện', '22'),
('213', 'Bắc Giang', 'Thành Phố', '24'),
('215', 'Yên Thế', 'Huyện', '24'),
('216', 'Tân Yên', 'Huyện', '24'),
('217', 'Lạng Giang', 'Huyện', '24'),
('218', 'Lục Nam', 'Huyện', '24'),
('219', 'Lục Ngạn', 'Huyện', '24'),
('220', 'Sơn Động', 'Huyện', '24'),
('221', 'Yên Dũng', 'Huyện', '24'),
('222', 'Việt Yên', 'Huyện', '24'),
('223', 'Hiệp Hòa', 'Huyện', '24'),
('227', 'Việt Trì', 'Thành Phố', '25'),
('228', 'Phú Thọ', 'Thị Xã', '25'),
('230', 'Đoan Hùng', 'Huyện', '25'),
('231', 'Hạ Hoà', 'Huyện', '25'),
('232', 'Thanh Ba', 'Huyện', '25'),
('233', 'Phù Ninh', 'Huyện', '25'),
('234', 'Yên Lập', 'Huyện', '25'),
('235', 'Cẩm Khê', 'Huyện', '25'),
('236', 'Tam Nông', 'Huyện', '25'),
('237', 'Lâm Thao', 'Huyện', '25'),
('238', 'Thanh Sơn', 'Huyện', '25'),
('239', 'Thanh Thuỷ', 'Huyện', '25'),
('240', 'Tân Sơn', 'Huyện', '25'),
('243', 'Vĩnh Yên', 'Thành Phố', '26'),
('244', 'Phúc Yên', 'Thị Xã', '26'),
('246', 'Lập Thạch', 'Huyện', '26'),
('247', 'Tam Dương', 'Huyện', '26'),
('248', 'Tam Đảo', 'Huyện', '26'),
('249', 'Bình Xuyên', 'Huyện', '26'),
('250', 'Mê Linh', 'Huyện', '01'),
('251', 'Yên Lạc', 'Huyện', '26'),
('252', 'Vĩnh Tường', 'Huyện', '26'),
('253', 'Sông Lô', 'Huyện', '26'),
('256', 'Bắc Ninh', 'Thành Phố', '27'),
('258', 'Yên Phong', 'Huyện', '27'),
('259', 'Quế Võ', 'Huyện', '27'),
('260', 'Tiên Du', 'Huyện', '27'),
('261', 'Từ Sơn', 'Thị Xã', '27'),
('262', 'Thuận Thành', 'Huyện', '27'),
('263', 'Gia Bình', 'Huyện', '27'),
('264', 'Lương Tài', 'Huyện', '27'),
('268', 'Hà Đông', 'Quận', '01'),
('269', 'Sơn Tây', 'Thị Xã', '01'),
('271', 'Ba Vì', 'Huyện', '01'),
('272', 'Phúc Thọ', 'Huyện', '01'),
('273', 'Đan Phượng', 'Huyện', '01'),
('274', 'Hoài Đức', 'Huyện', '01'),
('275', 'Quốc Oai', 'Huyện', '01'),
('276', 'Thạch Thất', 'Huyện', '01'),
('277', 'Chương Mỹ', 'Huyện', '01'),
('278', 'Thanh Oai', 'Huyện', '01'),
('279', 'Thường Tín', 'Huyện', '01'),
('280', 'Phú Xuyên', 'Huyện', '01'),
('281', 'Ứng Hòa', 'Huyện', '01'),
('282', 'Mỹ Đức', 'Huyện', '01'),
('288', 'Hải Dương', 'Thành Phố', '30'),
('290', 'Chí Linh', 'Thị Xã', '30'),
('291', 'Nam Sách', 'Huyện', '30'),
('292', 'Kinh Môn', 'Huyện', '30'),
('293', 'Kim Thành', 'Huyện', '30'),
('294', 'Thanh Hà', 'Huyện', '30'),
('295', 'Cẩm Giàng', 'Huyện', '30'),
('296', 'Bình Giang', 'Huyện', '30'),
('297', 'Gia Lộc', 'Huyện', '30'),
('298', 'Tứ Kỳ', 'Huyện', '30'),
('299', 'Ninh Giang', 'Huyện', '30'),
('300', 'Thanh Miện', 'Huyện', '30'),
('303', 'Hồng Bàng', 'Quận', '31'),
('304', 'Ngô Quyền', 'Quận', '31'),
('305', 'Lê Chân', 'Quận', '31'),
('306', 'Hải An', 'Quận', '31'),
('307', 'Kiến An', 'Quận', '31'),
('308', 'Đồ Sơn', 'Quận', '31'),
('309', 'Dương Kinh', 'Quận', '31'),
('311', 'Thuỷ Nguyên', 'Huyện', '31'),
('312', 'An Dương', 'Huyện', '31'),
('313', 'An Lão', 'Huyện', '31'),
('314', 'Kiến Thuỵ', 'Huyện', '31'),
('315', 'Tiên Lãng', 'Huyện', '31'),
('316', 'Vĩnh Bảo', 'Huyện', '31'),
('317', 'Cát Hải', 'Huyện', '31'),
('318', 'Bạch Long Vĩ', 'Huyện', '31'),
('323', 'Hưng Yên', 'Thành Phố', '33'),
('325', 'Văn Lâm', 'Huyện', '33'),
('326', 'Văn Giang', 'Huyện', '33'),
('327', 'Yên Mỹ', 'Huyện', '33'),
('328', 'Mỹ Hào', 'Huyện', '33'),
('329', 'Ân Thi', 'Huyện', '33'),
('330', 'Khoái Châu', 'Huyện', '33'),
('331', 'Kim Động', 'Huyện', '33'),
('332', 'Tiên Lữ', 'Huyện', '33'),
('333', 'Phù Cừ', 'Huyện', '33'),
('336', 'Thái Bình', 'Thành Phố', '34'),
('338', 'Quỳnh Phụ', 'Huyện', '34'),
('339', 'Hưng Hà', 'Huyện', '34'),
('340', 'Đông Hưng', 'Huyện', '34'),
('341', 'Thái Thụy', 'Huyện', '34'),
('342', 'Tiền Hải', 'Huyện', '34'),
('343', 'Kiến Xương', 'Huyện', '34'),
('344', 'Vũ Thư', 'Huyện', '34'),
('347', 'Phủ Lý', 'Thành Phố', '35'),
('349', 'Duy Tiên', 'Huyện', '35'),
('350', 'Kim Bảng', 'Huyện', '35'),
('351', 'Thanh Liêm', 'Huyện', '35'),
('352', 'Bình Lục', 'Huyện', '35'),
('353', 'Lý Nhân', 'Huyện', '35'),
('356', 'Nam Định', 'Thành Phố', '36'),
('358', 'Mỹ Lộc', 'Huyện', '36'),
('359', 'Vụ Bản', 'Huyện', '36'),
('360', 'Ý Yên', 'Huyện', '36'),
('361', 'Nghĩa Hưng', 'Huyện', '36'),
('362', 'Nam Trực', 'Huyện', '36'),
('363', 'Trực Ninh', 'Huyện', '36'),
('364', 'Xuân Trường', 'Huyện', '36'),
('365', 'Giao Thủy', 'Huyện', '36'),
('366', 'Hải Hậu', 'Huyện', '36'),
('369', 'Ninh Bình', 'Thành Phố', '37'),
('370', 'Tam Điệp', 'Thành Phố', '37'),
('372', 'Nho Quan', 'Huyện', '37'),
('373', 'Gia Viễn', 'Huyện', '37'),
('374', 'Hoa Lư', 'Huyện', '37'),
('375', 'Yên Khánh', 'Huyện', '37'),
('376', 'Kim Sơn', 'Huyện', '37'),
('377', 'Yên Mô', 'Huyện', '37'),
('380', 'Thanh Hóa', 'Thành Phố', '38'),
('381', 'Bỉm Sơn', 'Thị Xã', '38'),
('382', 'Sầm Sơn', 'Thành Phố', '38'),
('384', 'Mường Lát', 'Huyện', '38'),
('385', 'Quan Hóa', 'Huyện', '38'),
('386', 'Bá Thước', 'Huyện', '38'),
('387', 'Quan Sơn', 'Huyện', '38'),
('388', 'Lang Chánh', 'Huyện', '38'),
('389', 'Ngọc Lặc', 'Huyện', '38'),
('390', 'Cẩm Thủy', 'Huyện', '38'),
('391', 'Thạch Thành', 'Huyện', '38'),
('392', 'Hà Trung', 'Huyện', '38'),
('393', 'Vĩnh Lộc', 'Huyện', '38'),
('394', 'Yên Định', 'Huyện', '38'),
('395', 'Thọ Xuân', 'Huyện', '38'),
('396', 'Thường Xuân', 'Huyện', '38'),
('397', 'Triệu Sơn', 'Huyện', '38'),
('398', 'Thiệu Hóa', 'Huyện', '38'),
('399', 'Hoằng Hóa', 'Huyện', '38'),
('400', 'Hậu Lộc', 'Huyện', '38'),
('401', 'Nga Sơn', 'Huyện', '38'),
('402', 'Như Xuân', 'Huyện', '38'),
('403', 'Như Thanh', 'Huyện', '38'),
('404', 'Nông Cống', 'Huyện', '38'),
('405', 'Đông Sơn', 'Huyện', '38'),
('406', 'Quảng Xương', 'Huyện', '38'),
('407', 'Tĩnh Gia', 'Huyện', '38'),
('412', 'Vinh', 'Thành Phố', '40'),
('413', 'Cửa Lò', 'Thị Xã', '40'),
('414', 'Thái Hoà', 'Thị Xã', '40'),
('415', 'Quế Phong', 'Huyện', '40'),
('416', 'Quỳ Châu', 'Huyện', '40'),
('417', 'Kỳ Sơn', 'Huyện', '40'),
('418', 'Tương Dương', 'Huyện', '40'),
('419', 'Nghĩa Đàn', 'Huyện', '40'),
('420', 'Quỳ Hợp', 'Huyện', '40'),
('421', 'Quỳnh Lưu', 'Huyện', '40'),
('422', 'Con Cuông', 'Huyện', '40'),
('423', 'Tân Kỳ', 'Huyện', '40'),
('424', 'Anh Sơn', 'Huyện', '40'),
('425', 'Diễn Châu', 'Huyện', '40'),
('426', 'Yên Thành', 'Huyện', '40'),
('427', 'Đô Lương', 'Huyện', '40'),
('428', 'Thanh Chương', 'Huyện', '40'),
('429', 'Nghi Lộc', 'Huyện', '40'),
('430', 'Nam Đàn', 'Huyện', '40'),
('431', 'Hưng Nguyên', 'Huyện', '40'),
('432', 'Hoàng Mai', 'Thị Xã', '40'),
('436', 'Hà Tĩnh', 'Thành Phố', '42'),
('437', 'Hồng Lĩnh', 'Thị Xã', '42'),
('439', 'Hương Sơn', 'Huyện', '42'),
('440', 'Đức Thọ', 'Huyện', '42'),
('441', 'Vũ Quang', 'Huyện', '42'),
('442', 'Nghi Xuân', 'Huyện', '42'),
('443', 'Can Lộc', 'Huyện', '42'),
('444', 'Hương Khê', 'Huyện', '42'),
('445', 'Thạch Hà', 'Huyện', '42'),
('446', 'Cẩm Xuyên', 'Huyện', '42'),
('447', 'Kỳ Anh', 'Huyện', '42'),
('448', 'Lộc Hà', 'Huyện', '42'),
('449', 'Kỳ Anh', 'Thị Xã', '42'),
('450', 'Đồng Hới', 'Thành Phố', '44'),
('452', 'Minh Hóa', 'Huyện', '44'),
('453', 'Tuyên Hóa', 'Huyện', '44'),
('454', 'Quảng Trạch', 'Thị Xã', '44'),
('455', 'Bố Trạch', 'Huyện', '44'),
('456', 'Quảng Ninh', 'Huyện', '44'),
('457', 'Lệ Thủy', 'Huyện', '44'),
('458', 'Ba Đồn', 'Huyện', '44'),
('461', 'Đông Hà', 'Thành Phố', '45'),
('462', 'Quảng Trị', 'Thị Xã', '45'),
('464', 'Vĩnh Linh', 'Huyện', '45'),
('465', 'Hướng Hóa', 'Huyện', '45'),
('466', 'Gio Linh', 'Huyện', '45'),
('467', 'Đa Krông', 'Huyện', '45'),
('468', 'Cam Lộ', 'Huyện', '45'),
('469', 'Triệu Phong', 'Huyện', '45'),
('470', 'Hải Lăng', 'Huyện', '45'),
('471', 'Cồn Cỏ', 'Huyện', '45'),
('474', 'Huế', 'Thành Phố', '46'),
('476', 'Phong Điền', 'Huyện', '46'),
('477', 'Quảng Điền', 'Huyện', '46'),
('478', 'Phú Vang', 'Huyện', '46'),
('479', 'Hương Thủy', 'Thị Xã', '46'),
('480', 'Hương Trà', 'Thị Xã', '46'),
('481', 'A Lưới', 'Huyện', '46'),
('482', 'Phú Lộc', 'Huyện', '46'),
('483', 'Nam Đông', 'Huyện', '46'),
('490', 'Liên Chiểu', 'Quận', '48'),
('491', 'Thanh Khê', 'Quận', '48'),
('492', 'Hải Châu', 'Quận', '48'),
('493', 'Sơn Trà', 'Quận', '48'),
('494', 'Ngũ Hành Sơn', 'Quận', '48'),
('495', 'Cẩm Lệ', 'Quận', '48'),
('497', 'Hòa Vang', 'Huyện', '48'),
('498', 'Hoàng Sa', 'Huyện', '48'),
('502', 'Tam Kỳ', 'Thành Phố', '49'),
('503', 'Hội An', 'Thành Phố', '49'),
('504', 'Tây Giang', 'Huyện', '49'),
('505', 'Đông Giang', 'Huyện', '49'),
('506', 'Đại Lộc', 'Huyện', '49'),
('507', 'Điện Bàn', 'Thị Xã', '49'),
('508', 'Duy Xuyên', 'Huyện', '49'),
('509', 'Quế Sơn', 'Huyện', '49'),
('510', 'Nam Giang', 'Huyện', '49'),
('511', 'Phước Sơn', 'Huyện', '49'),
('512', 'Hiệp Đức', 'Huyện', '49'),
('513', 'Thăng Bình', 'Huyện', '49'),
('514', 'Tiên Phước', 'Huyện', '49'),
('515', 'Bắc Trà My', 'Huyện', '49'),
('516', 'Nam Trà My', 'Huyện', '49'),
('517', 'Núi Thành', 'Huyện', '49'),
('518', 'Phú Ninh', 'Huyện', '49'),
('519', 'Nông Sơn', 'Huyện', '49'),
('522', 'Quảng Ngãi', 'Thành Phố', '51'),
('524', 'Bình Sơn', 'Huyện', '51'),
('525', 'Trà Bồng', 'Huyện', '51'),
('526', 'Tây Trà', 'Huyện', '51'),
('527', 'Sơn Tịnh', 'Huyện', '51'),
('528', 'Tư Nghĩa', 'Huyện', '51'),
('529', 'Sơn Hà', 'Huyện', '51'),
('530', 'Sơn Tây', 'Huyện', '51'),
('531', 'Minh Long', 'Huyện', '51'),
('532', 'Nghĩa Hành', 'Huyện', '51'),
('533', 'Mộ Đức', 'Huyện', '51'),
('534', 'Đức Phổ', 'Huyện', '51'),
('535', 'Ba Tơ', 'Huyện', '51'),
('536', 'Lý Sơn', 'Huyện', '51'),
('540', 'Qui Nhơn', 'Thành Phố', '52'),
('542', 'An Lão', 'Huyện', '52'),
('543', 'Hoài Nhơn', 'Huyện', '52'),
('544', 'Hoài Ân', 'Huyện', '52'),
('545', 'Phù Mỹ', 'Huyện', '52'),
('546', 'Vĩnh Thạnh', 'Huyện', '52'),
('547', 'Tây Sơn', 'Huyện', '52'),
('548', 'Phù Cát', 'Huyện', '52'),
('549', 'An Nhơn', 'Thị Xã', '52'),
('550', 'Tuy Phước', 'Huyện', '52'),
('551', 'Vân Canh', 'Huyện', '52'),
('555', 'Tuy Hoà', 'Thành Phố', '54'),
('557', 'Sông Cầu', 'Thị Xã', '54'),
('558', 'Đồng Xuân', 'Huyện', '54'),
('559', 'Tuy An', 'Huyện', '54'),
('560', 'Sơn Hòa', 'Huyện', '54'),
('561', 'Sông Hinh', 'Huyện', '54'),
('562', 'Tây Hoà', 'Huyện', '54'),
('563', 'Phú Hoà', 'Huyện', '54'),
('564', 'Đông Hòa', 'Huyện', '54'),
('568', 'Nha Trang', 'Thành Phố', '56'),
('569', 'Cam Ranh', 'Thành Phố', '56'),
('570', 'Cam Lâm', 'Huyện', '56'),
('571', 'Vạn Ninh', 'Huyện', '56'),
('572', 'Ninh Hòa', 'Thị Xã', '56'),
('573', 'Khánh Vĩnh', 'Huyện', '56'),
('574', 'Diên Khánh', 'Huyện', '56'),
('575', 'Khánh Sơn', 'Huyện', '56'),
('576', 'Trường Sa', 'Huyện', '56'),
('582', 'Phan Rang-Tháp Chàm', 'Thành Phố', '58'),
('584', 'Bác Ái', 'Huyện', '58'),
('585', 'Ninh Sơn', 'Huyện', '58'),
('586', 'Ninh Hải', 'Huyện', '58'),
('587', 'Ninh Phước', 'Huyện', '58'),
('588', 'Thuận Bắc', 'Huyện', '58'),
('589', 'Thuận Nam', 'Huyện', '58'),
('593', 'Phan Thiết', 'Thành Phố', '60'),
('594', 'La Gi', 'Thị Xã', '60'),
('595', 'Tuy Phong', 'Huyện', '60'),
('596', 'Bắc Bình', 'Huyện', '60'),
('597', 'Hàm Thuận Bắc', 'Huyện', '60'),
('598', 'Hàm Thuận Nam', 'Huyện', '60'),
('599', 'Tánh Linh', 'Huyện', '60'),
('600', 'Đức Linh', 'Huyện', '60'),
('601', 'Hàm Tân', 'Huyện', '60'),
('602', 'Phú Quí', 'Huyện', '60'),
('608', 'Kon Tum', 'Thành Phố', '62'),
('610', 'Đắk Glei', 'Huyện', '62'),
('611', 'Ngọc Hồi', 'Huyện', '62'),
('612', 'Đắk Tô', 'Huyện', '62'),
('613', 'Kon Plông', 'Huyện', '62'),
('614', 'Kon Rẫy', 'Huyện', '62'),
('615', 'Đắk Hà', 'Huyện', '62'),
('616', 'Sa Thầy', 'Huyện', '62'),
('617', 'Tu Mơ Rông', 'Huyện', '62'),
('618', 'Ia H\' Drai', 'Huyện', '62'),
('622', 'Pleiku', 'Thành Phố', '64'),
('623', 'An Khê', 'Thị Xã', '64'),
('624', 'Ayun Pa', 'Thị Xã', '64'),
('625', 'KBang', 'Huyện', '64'),
('626', 'Đăk Đoa', 'Huyện', '64'),
('627', 'Chư Păh', 'Huyện', '64'),
('628', 'Ia Grai', 'Huyện', '64'),
('629', 'Mang Yang', 'Huyện', '64'),
('630', 'Kông Chro', 'Huyện', '64'),
('631', 'Đức Cơ', 'Huyện', '64'),
('632', 'Chư Prông', 'Huyện', '64'),
('633', 'Chư Sê', 'Huyện', '64'),
('634', 'Đăk Pơ', 'Huyện', '64'),
('635', 'Ia Pa', 'Huyện', '64'),
('637', 'Krông Pa', 'Huyện', '64'),
('638', 'Phú Thiện', 'Huyện', '64'),
('639', 'Chư Pưh', 'Huyện', '64'),
('643', 'Buôn Ma Thuột', 'Thành Phố', '66'),
('644', 'Buôn Hồ', 'Thị Xã', '66'),
('645', 'Ea H\'leo', 'Huyện', '66'),
('646', 'Ea Súp', 'Huyện', '66'),
('647', 'Buôn Đôn', 'Huyện', '66'),
('648', 'Cư M\'gar', 'Huyện', '66'),
('649', 'Krông Búk', 'Huyện', '66'),
('650', 'Krông Năng', 'Huyện', '66'),
('651', 'Ea Kar', 'Huyện', '66'),
('652', 'M\'Đrắk', 'Huyện', '66'),
('653', 'Krông Bông', 'Huyện', '66'),
('654', 'Krông Pắc', 'Huyện', '66'),
('655', 'Krông A Na', 'Huyện', '66'),
('656', 'Lắk', 'Huyện', '66'),
('657', 'Cư Kuin', 'Huyện', '66'),
('660', 'Gia Nghĩa', 'Thị Xã', '67'),
('661', 'Đăk Glong', 'Huyện', '67'),
('662', 'Cư Jút', 'Huyện', '67'),
('663', 'Đắk Mil', 'Huyện', '67'),
('664', 'Krông Nô', 'Huyện', '67'),
('665', 'Đắk Song', 'Huyện', '67'),
('666', 'Đắk R\'Lấp', 'Huyện', '67'),
('667', 'Tuy Đức', 'Huyện', '67'),
('672', 'Đà Lạt', 'Thành Phố', '68'),
('673', 'Bảo Lộc', 'Thành Phố', '68'),
('674', 'Đam Rông', 'Huyện', '68'),
('675', 'Lạc Dương', 'Huyện', '68'),
('676', 'Lâm Hà', 'Huyện', '68'),
('677', 'Đơn Dương', 'Huyện', '68'),
('678', 'Đức Trọng', 'Huyện', '68'),
('679', 'Di Linh', 'Huyện', '68'),
('680', 'Bảo Lâm', 'Huyện', '68'),
('681', 'Đạ Huoai', 'Huyện', '68'),
('682', 'Đạ Tẻh', 'Huyện', '68'),
('683', 'Cát Tiên', 'Huyện', '68'),
('688', 'Phước Long', 'Thị Xã', '70'),
('689', 'Đồng Xoài', 'Thị Xã', '70'),
('690', 'Bình Long', 'Thị Xã', '70'),
('691', 'Bù Gia Mập', 'Huyện', '70'),
('692', 'Lộc Ninh', 'Huyện', '70'),
('693', 'Bù Đốp', 'Huyện', '70'),
('694', 'Hớn Quản', 'Huyện', '70'),
('695', 'Đồng Phú', 'Huyện', '70'),
('696', 'Bù Đăng', 'Huyện', '70'),
('697', 'Chơn Thành', 'Huyện', '70'),
('698', 'Phú Riềng', 'Huyện', '70'),
('703', 'Tây Ninh', 'Thành Phố', '72'),
('705', 'Tân Biên', 'Huyện', '72'),
('706', 'Tân Châu', 'Huyện', '72'),
('707', 'Dương Minh Châu', 'Huyện', '72'),
('708', 'Châu Thành', 'Huyện', '72'),
('709', 'Hòa Thành', 'Huyện', '72'),
('710', 'Gò Dầu', 'Huyện', '72'),
('711', 'Bến Cầu', 'Huyện', '72'),
('712', 'Trảng Bàng', 'Huyện', '72'),
('718', 'Thủ Dầu Một', 'Thành Phố', '74'),
('719', 'Bàu Bàng', 'Huyện', '74'),
('720', 'Dầu Tiếng', 'Huyện', '74'),
('721', 'Bến Cát', 'Thị Xã', '74'),
('722', 'Phú Giáo', 'Huyện', '74'),
('723', 'Tân Uyên', 'Thị Xã', '74'),
('724', 'Dĩ An', 'Thị Xã', '74'),
('725', 'Thuận An', 'Thị Xã', '74'),
('726', 'Bắc Tân Uyên', 'Huyện', '74'),
('731', 'Biên Hòa', 'Thành Phố', '75'),
('732', 'Long Khánh', 'Thị Xã', '75'),
('734', 'Tân Phú', 'Huyện', '75'),
('735', 'Vĩnh Cửu', 'Huyện', '75'),
('736', 'Định Quán', 'Huyện', '75'),
('737', 'Trảng Bom', 'Huyện', '75'),
('738', 'Thống Nhất', 'Huyện', '75'),
('739', 'Cẩm Mỹ', 'Huyện', '75'),
('740', 'Long Thành', 'Huyện', '75'),
('741', 'Xuân Lộc', 'Huyện', '75'),
('742', 'Nhơn Trạch', 'Huyện', '75'),
('747', 'Vũng Tàu', 'Thành Phố', '77'),
('748', 'Bà Rịa', 'Thành Phố', '77'),
('750', 'Châu Đức', 'Huyện', '77'),
('751', 'Xuyên Mộc', 'Huyện', '77'),
('752', 'Long Điền', 'Huyện', '77'),
('753', 'Đất Đỏ', 'Huyện', '77'),
('754', 'Tân Thành', 'Huyện', '77'),
('755', 'Côn Đảo', 'Huyện', '77'),
('760', '1', 'Quận', '79'),
('761', '12', 'Quận', '79'),
('762', 'Thủ Đức', 'Quận', '79'),
('763', '9', 'Quận', '79'),
('764', 'Gò Vấp', 'Quận', '79'),
('765', 'Bình Thạnh', 'Quận', '79'),
('766', 'Tân Bình', 'Quận', '79'),
('767', 'Tân Phú', 'Quận', '79'),
('768', 'Phú Nhuận', 'Quận', '79'),
('769', '2', 'Quận', '79'),
('770', '3', 'Quận', '79'),
('771', '10', 'Quận', '79'),
('772', '11', 'Quận', '79'),
('773', '4', 'Quận', '79'),
('774', '5', 'Quận', '79'),
('775', '6', 'Quận', '79'),
('776', '8', 'Quận', '79'),
('777', 'Bình Tân', 'Quận', '79'),
('778', '7', 'Quận', '79'),
('783', 'Củ Chi', 'Huyện', '79'),
('784', 'Hóc Môn', 'Huyện', '79'),
('785', 'Bình Chánh', 'Huyện', '79'),
('786', 'Nhà Bè', 'Huyện', '79'),
('787', 'Cần Giờ', 'Huyện', '79'),
('794', 'Tân An', 'Thành Phố', '80'),
('795', 'Kiến Tường', 'Thị Xã', '80'),
('796', 'Tân Hưng', 'Huyện', '80'),
('797', 'Vĩnh Hưng', 'Huyện', '80'),
('798', 'Mộc Hóa', 'Huyện', '80'),
('799', 'Tân Thạnh', 'Huyện', '80'),
('800', 'Thạnh Hóa', 'Huyện', '80'),
('801', 'Đức Huệ', 'Huyện', '80'),
('802', 'Đức Hòa', 'Huyện', '80'),
('803', 'Bến Lức', 'Huyện', '80'),
('804', 'Thủ Thừa', 'Huyện', '80'),
('805', 'Tân Trụ', 'Huyện', '80'),
('806', 'Cần Đước', 'Huyện', '80'),
('807', 'Cần Giuộc', 'Huyện', '80'),
('808', 'Châu Thành', 'Huyện', '80'),
('815', 'Mỹ Tho', 'Thành Phố', '82'),
('816', 'Gò Công', 'Thị Xã', '82'),
('817', 'Cai Lậy', 'Huyện', '82'),
('818', 'Tân Phước', 'Huyện', '82'),
('819', 'Cái Bè', 'Huyện', '82'),
('820', 'Cai Lậy', 'Thị Xã', '82'),
('821', 'Châu Thành', 'Huyện', '82'),
('822', 'Chợ Gạo', 'Huyện', '82'),
('823', 'Gò Công Tây', 'Huyện', '82'),
('824', 'Gò Công Đông', 'Huyện', '82'),
('825', 'Tân Phú Đông', 'Huyện', '82'),
('829', 'Bến Tre', 'Thành Phố', '83'),
('831', 'Châu Thành', 'Huyện', '83'),
('832', 'Chợ Lách', 'Huyện', '83'),
('833', 'Mỏ Cày Nam', 'Huyện', '83'),
('834', 'Giồng Trôm', 'Huyện', '83'),
('835', 'Bình Đại', 'Huyện', '83'),
('836', 'Ba Tri', 'Huyện', '83'),
('837', 'Thạnh Phú', 'Huyện', '83'),
('838', 'Mỏ Cày Bắc', 'Huyện', '83'),
('842', 'Trà Vinh', 'Thành Phố', '84'),
('844', 'Càng Long', 'Huyện', '84'),
('845', 'Cầu Kè', 'Huyện', '84'),
('846', 'Tiểu Cần', 'Huyện', '84'),
('847', 'Châu Thành', 'Huyện', '84'),
('848', 'Cầu Ngang', 'Huyện', '84'),
('849', 'Trà Cú', 'Huyện', '84'),
('850', 'Duyên Hải', 'Huyện', '84'),
('851', 'Duyên Hải', 'Thị Xã', '84'),
('855', 'Vĩnh Long', 'Thành Phố', '86'),
('857', 'Long Hồ', 'Huyện', '86'),
('858', 'Mang Thít', 'Huyện', '86'),
('859', ' Vũng Liêm', 'Huyện', '86'),
('860', 'Tam Bình', 'Huyện', '86'),
('861', 'Bình Minh', 'Thị Xã', '86'),
('862', 'Trà Ôn', 'Huyện', '86'),
('863', 'Bình Tân', 'Huyện', '86'),
('866', 'Cao Lãnh', 'Thành Phố', '87'),
('867', 'Sa Đéc', 'Thành Phố', '87'),
('868', 'Hồng Ngự', 'Thị Xã', '87'),
('869', 'Tân Hồng', 'Huyện', '87'),
('870', 'Hồng Ngự', 'Huyện', '87'),
('871', 'Tam Nông', 'Huyện', '87'),
('872', 'Tháp Mười', 'Huyện', '87'),
('873', 'Cao Lãnh', 'Huyện', '87'),
('874', 'Thanh Bình', 'Huyện', '87'),
('875', 'Lấp Vò', 'Huyện', '87'),
('876', 'Lai Vung', 'Huyện', '87'),
('877', 'Châu Thành', 'Huyện', '87'),
('883', 'Long Xuyên', 'Thành Phố', '89'),
('884', 'Châu Đốc', 'Thành Phố', '89'),
('886', 'An Phú', 'Huyện', '89'),
('887', 'Tân Châu', 'Thị Xã', '89'),
('888', 'Phú Tân', 'Huyện', '89'),
('889', 'Châu Phú', 'Huyện', '89'),
('890', 'Tịnh Biên', 'Huyện', '89'),
('891', 'Tri Tôn', 'Huyện', '89'),
('892', 'Châu Thành', 'Huyện', '89'),
('893', 'Chợ Mới', 'Huyện', '89'),
('894', 'Thoại Sơn', 'Huyện', '89'),
('899', 'Rạch Giá', 'Thành Phố', '91'),
('900', 'Hà Tiên', 'Thị Xã', '91'),
('902', 'Kiên Lương', 'Huyện', '91'),
('903', 'Hòn Đất', 'Huyện', '91'),
('904', 'Tân Hiệp', 'Huyện', '91'),
('905', 'Châu Thành', 'Huyện', '91'),
('906', 'Giồng Riềng', 'Huyện', '91'),
('907', 'Gò Quao', 'Huyện', '91'),
('908', 'An Biên', 'Huyện', '91'),
('909', 'An Minh', 'Huyện', '91'),
('910', 'Vĩnh Thuận', 'Huyện', '91'),
('911', 'Phú Quốc', 'Huyện', '91'),
('912', 'Kiên Hải', 'Huyện', '91'),
('913', 'U Minh Thượng', 'Huyện', '91'),
('914', 'Giang Thành', 'Huyện', '91'),
('916', 'Ninh Kiều', 'Quận', '92'),
('917', 'Ô Môn', 'Quận', '92'),
('918', 'Bình Thuỷ', 'Quận', '92'),
('919', 'Cái Răng', 'Quận', '92'),
('923', 'Thốt Nốt', 'Quận', '92'),
('924', 'Vĩnh Thạnh', 'Huyện', '92'),
('925', 'Cờ Đỏ', 'Huyện', '92'),
('926', 'Phong Điền', 'Huyện', '92'),
('927', 'Thới Lai', 'Huyện', '92'),
('930', 'Vị Thanh', 'Thành Phố', '93'),
('931', 'Ngã Bảy', 'Thị Xã', '93'),
('932', 'Châu Thành A', 'Huyện', '93'),
('933', 'Châu Thành', 'Huyện', '93'),
('934', 'Phụng Hiệp', 'Huyện', '93'),
('935', 'Vị Thuỷ', 'Huyện', '93'),
('936', 'Long Mỹ', 'Huyện', '93'),
('937', 'Long Mỹ', 'Thị Xã', '93'),
('941', 'Sóc Trăng', 'Thành Phố', '94'),
('942', 'Châu Thành', 'Huyện', '94'),
('943', 'Kế Sách', 'Huyện', '94'),
('944', 'Mỹ Tú', 'Huyện', '94'),
('945', 'Cù Lao Dung', 'Huyện', '94'),
('946', 'Long Phú', 'Huyện', '94'),
('947', 'Mỹ Xuyên', 'Huyện', '94'),
('948', 'Ngã Năm', 'Thị Xã', '94'),
('949', 'Thạnh Trị', 'Huyện', '94'),
('950', 'Vĩnh Châu', 'Thị Xã', '94'),
('951', 'Trần Đề', 'Huyện', '94'),
('954', 'Bạc Liêu', 'Thành Phố', '95'),
('956', 'Hồng Dân', 'Huyện', '95'),
('957', 'Phước Long', 'Huyện', '95'),
('958', 'Vĩnh Lợi', 'Huyện', '95'),
('959', 'Giá Rai', 'Thị Xã', '95'),
('960', 'Đông Hải', 'Huyện', '95'),
('961', 'Hoà Bình', 'Huyện', '95'),
('964', 'Cà Mau', 'Thành Phố', '96'),
('966', 'U Minh', 'Huyện', '96'),
('967', 'Thới Bình', 'Huyện', '96'),
('968', 'Trần Văn Thời', 'Huyện', '96'),
('969', 'Cái Nước', 'Huyện', '96'),
('970', 'Đầm Dơi', 'Huyện', '96'),
('971', 'Năm Căn', 'Huyện', '96'),
('972', 'Phú Tân', 'Huyện', '96'),
('973', 'Ngọc Hiển', 'Huyện', '96');

-- --------------------------------------------------------

--
-- Cấu trúc bảng cho bảng `login`
--

CREATE TABLE `login` (
  `mssv` int(8) NOT NULL,
  `username` varchar(50) NOT NULL,
  `email` varchar(50) NOT NULL,
  `password` varchar(100) NOT NULL
) ENGINE=InnoDB DEFAULT CHARSET=latin1;

--
-- Đang đổ dữ liệu cho bảng `login`
--

INSERT INTO `login` (`mssv`, `username`, `email`, `password`) VALUES
(57, 'admin', 'tieuconghoa193@gmail.com', '0cc175b9c0f1b6a831c399e269772661'),
(58, 'hoatieu', 'hoatieucong@gmail.com', '0cc175b9c0f1b6a831c399e269772661'),
(59, '16021289', 'v9s9q35kpgs@fakemailgenerator.net', '0cc175b9c0f1b6a831c399e269772661'),
(60, '295', 'hoatieucong@gmail.com.vn', '0cc175b9c0f1b6a831c399e269772661'),
(61, 'person', 'hoatieucong@vnu.edu.vn', '0cc175b9c0f1b6a831c399e269772661');

-- --------------------------------------------------------

--
-- Cấu trúc bảng cho bảng `province`
--

CREATE TABLE `province` (
  `provinceid` varchar(5) NOT NULL,
  `name` varchar(100) NOT NULL,
  `type` varchar(30) NOT NULL
) ENGINE=InnoDB DEFAULT CHARSET=utf8;

--
-- Đang đổ dữ liệu cho bảng `province`
--

INSERT INTO `province` (`provinceid`, `name`, `type`) VALUES
('01', 'Hà Nội', 'Thành Phố'),
('02', 'Hà Giang', 'Tỉnh'),
('04', 'Cao Bằng', 'Tỉnh'),
('06', 'Bắc Kạn', 'Tỉnh'),
('08', 'Tuyên Quang', 'Tỉnh'),
('10', 'Lào Cai', 'Tỉnh'),
('11', 'Điện Biên', 'Tỉnh'),
('12', 'Lai Châu', 'Tỉnh'),
('14', 'Sơn La', 'Tỉnh'),
('15', 'Yên Bái', 'Tỉnh'),
('17', 'Hoà Bình', 'Tỉnh'),
('19', 'Thái Nguyên', 'Tỉnh'),
('20', 'Lạng Sơn', 'Tỉnh'),
('22', 'Quảng Ninh', 'Tỉnh'),
('24', 'Bắc Giang', 'Tỉnh'),
('25', 'Phú Thọ', 'Tỉnh'),
('26', 'Vĩnh Phúc', 'Tỉnh'),
('27', 'Bắc Ninh', 'Tỉnh'),
('30', 'Hải Dương', 'Tỉnh'),
('31', 'Hải Phòng', 'Thành Phố'),
('33', 'Hưng Yên', 'Tỉnh'),
('34', 'Thái Bình', 'Tỉnh'),
('35', 'Hà Nam', 'Tỉnh'),
('36', 'Nam Định', 'Tỉnh'),
('37', 'Ninh Bình', 'Tỉnh'),
('38', 'Thanh Hóa', 'Tỉnh'),
('40', 'Nghệ An', 'Tỉnh'),
('42', 'Hà Tĩnh', 'Tỉnh'),
('44', 'Quảng Bình', 'Tỉnh'),
('45', 'Quảng Trị', 'Tỉnh'),
('46', 'Thừa Thiên Huế', 'Tỉnh'),
('48', 'Đà Nẵng', 'Thành Phố'),
('49', 'Quảng Nam', 'Tỉnh'),
('51', 'Quảng Ngãi', 'Tỉnh'),
('52', 'Bình Định', 'Tỉnh'),
('54', 'Phú Yên', 'Tỉnh'),
('56', 'Khánh Hòa', 'Tỉnh'),
('58', 'Ninh Thuận', 'Tỉnh'),
('60', 'Bình Thuận', 'Tỉnh'),
('62', 'Kon Tum', 'Tỉnh'),
('64', 'Gia Lai', 'Tỉnh'),
('66', 'Đắk Lắk', 'Tỉnh'),
('67', 'Đắk Nông', 'Tỉnh'),
('68', 'Lâm Đồng', 'Tỉnh'),
('70', 'Bình Phước', 'Tỉnh'),
('72', 'Tây Ninh', 'Tỉnh'),
('74', 'Bình Dương', 'Tỉnh'),
('75', 'Đồng Nai', 'Tỉnh'),
('77', 'Bà Rịa - Vũng Tàu', 'Tỉnh'),
('79', 'Hồ Chí Minh', 'Thành Phố'),
('80', 'Long An', 'Tỉnh'),
('82', 'Tiền Giang', 'Tỉnh'),
('83', 'Bến Tre', 'Tỉnh'),
('84', 'Trà Vinh', 'Tỉnh'),
('86', 'Vĩnh Long', 'Tỉnh'),
('87', 'Đồng Tháp', 'Tỉnh'),
('89', 'An Giang', 'Tỉnh'),
('91', 'Kiên Giang', 'Tỉnh'),
('92', 'Cần Thơ', 'Thành Phố'),
('93', 'Hậu Giang', 'Tỉnh'),
('94', 'Sóc Trăng', 'Tỉnh'),
('95', 'Bạc Liêu', 'Tỉnh'),
('96', 'Cà Mau', 'Tỉnh');

--
-- Chỉ mục cho các bảng đã đổ
--

--
-- Chỉ mục cho bảng `cuusv`
--
ALTER TABLE `cuusv`
  ADD PRIMARY KEY (`mssv`);

--
-- Chỉ mục cho bảng `district`
--
ALTER TABLE `district`
  ADD PRIMARY KEY (`districtid`),
  ADD KEY `provinceid` (`provinceid`);

--
-- Chỉ mục cho bảng `login`
--
ALTER TABLE `login`
  ADD PRIMARY KEY (`mssv`),
  ADD UNIQUE KEY `username` (`username`,`password`),
  ADD UNIQUE KEY `email` (`email`);

--
-- Chỉ mục cho bảng `province`
--
ALTER TABLE `province`
  ADD PRIMARY KEY (`provinceid`);

--
-- AUTO_INCREMENT cho các bảng đã đổ
--

--
-- AUTO_INCREMENT cho bảng `login`
--
ALTER TABLE `login`
  MODIFY `mssv` int(8) NOT NULL AUTO_INCREMENT, AUTO_INCREMENT=62;

--
-- Các ràng buộc cho các bảng đã đổ
--

--
-- Các ràng buộc cho bảng `district`
--
ALTER TABLE `district`
  ADD CONSTRAINT `district_ibfk_1` FOREIGN KEY (`provinceid`) REFERENCES `province` (`provinceid`);
COMMIT;

/*!40101 SET CHARACTER_SET_CLIENT=@OLD_CHARACTER_SET_CLIENT */;
/*!40101 SET CHARACTER_SET_RESULTS=@OLD_CHARACTER_SET_RESULTS */;
/*!40101 SET COLLATION_CONNECTION=@OLD_COLLATION_CONNECTION */;
